Model,Rouge_Scores,Length_of_Summary,Training_Time,TOPSIS_Score,Rank
BERTSumExt,0.75,130,9,0.6416750886798047,2.0
GPT-3,0.82,150,12,0.3583249113201952,5.0
T5,0.78,140,10,0.5641616552022275,3.0
XLNet,0.76,135,11,0.4020608371738768,4.0
BART,0.8,145,8,0.7844251680045905,1.0
Pegasus,0.79,138,13,0.2420255537227892,6.0
